set,image,method,psnr_rgb,ssim_rgb,psnr_y,ssim_y,ssim_rgb_skimage_default
Set5,baby,nearest,32.73230247735781,0.9152908101587505,34.11564015983504,0.9275295930364064,0.9269033602610283
Set5,baby,bicubic,35.616256446175036,0.9415863861678783,37.077835430527195,0.9523474763309623,0.9500027010077853
Set5,baby,bicubic_cv2,35.846339668283846,0.9450802933873824,37.31027086470817,0.9550547231045395,0.9532296198814064
Set5,bird,nearest,30.629277998965456,0.9247598694361617,32.66930354332077,0.9358168018240175,0.9348211917677448
Set5,bird,bicubic,34.87196825825453,0.9633725306715292,36.821585523818754,0.9725302880574438,0.967712352373257
Set5,bird,bicubic_cv2,35.31543989723697,0.9657850186102411,37.28547471104519,0.9745771967028154,0.9699222120819737
Set5,butterfly,nearest,23.53261979790926,0.856880524320991,24.72359649796571,0.8734359997439693,0.8665657862053738
Set5,butterfly,bicubic,26.116475338299637,0.8984944921917033,27.436967452392782,0.9158169578546472,0.9023980299401425
Set5,butterfly,bicubic_cv2,26.41598104186059,0.9017395974137438,27.748130668930013,0.9182275310344289,0.9052835133345724
Set5,head,nearest,30.630838076006807,0.7831778221884077,33.63056509469688,0.8449097220575494,0.8061787847131883
Set5,head,bicubic,31.50905648688135,0.7982919210985285,34.88143384526171,0.8629509451375812,0.8200396821578407
Set5,head,bicubic_cv2,31.61454579376587,0.8031574721693174,35.03005158267349,0.8668782993709551,0.8246871731720008
Set5,woman,nearest,27.85801971443407,0.9115169182535577,29.14605864258132,0.9186496983355598,0.9222827571834129
Set5,woman,bicubic,30.820043350384925,0.9422923877463724,32.1487335448616,0.9478094299436622,0.9488684994673805
Set5,woman,bicubic_cv2,31.15379936267417,0.9448004159129478,32.48979448133771,0.9500455142412347,0.9511455224742891
Set14,baboon,nearest,22.120642313885227,0.6311992790332298,24.451161328098685,0.6886247508488347,0.6628399621069037
Set14,baboon,bicubic,22.544819808768565,0.6359907798622092,24.8617294267854,0.6981145621408456,0.668517098287191
Set14,baboon,bicubic_cv2,22.64079426399608,0.6464856898288377,24.963730982857214,0.7084121665939667,0.6788594545995944
Set14,barbara,nearest,25.727759272905345,0.8048179033048676,27.26212622070266,0.8227349220083615,0.8171778863653825
Set14,barbara,bicubic,26.426482825887824,0.8209809139590335,28.00216436753372,0.8418195174237189,0.8306582681258999
Set14,barbara,bicubic_cv2,26.519200715237087,0.8255879142978748,28.10706077796006,0.8464424014220068,0.8348961486013989
Set14,bridge,nearest,25.469659271215875,0.7644534695687332,26.86104295956238,0.776736332958717,0.7908609879057501
Set14,bridge,bicubic,26.49329429655367,0.7923287913802776,27.891554234026927,0.803844674504498,0.8165519864720968
Set14,bridge,bicubic_cv2,26.6530179300824,0.8017123231730751,28.052322922985283,0.8126228936490058,0.8253648689670982
Set14,coastguard,nearest,26.8736719015501,0.7633631447126996,28.19170325453976,0.7799325539258043,0.7812482919510062
Set14,coastguard,bicubic,27.801513581882457,0.7724701946808915,29.12086545174098,0.7892254851589304,0.7901300878628827
Set14,coastguard,bicubic_cv2,28.00811657625045,0.7817881353055786,29.33056407046134,0.7977020529789377,0.7994761475536807
Set14,comic,nearest,23.121529850716406,0.8047083905488316,24.57571936288152,0.8128908563759971,0.8286752819256663
Set14,comic,bicubic,24.59970430036214,0.8419418821937015,26.015924677342706,0.8496493011659025,0.8621345976510538
Set14,comic,bicubic_cv2,24.85606568415301,0.8506103755286629,26.27099012735271,0.8581941205970288,0.8701204759299886
Set14,face,nearest,30.598956165825804,0.7827238486170022,33.592446288938795,0.8445459127347559,0.8058335228065948
Set14,face,bicubic,31.48378275971032,0.7980660605789046,34.853933700002486,0.8628431350888098,0.8198877003778616
Set14,face,bicubic_cv2,31.5897549229541,0.8029655035818647,35.003776285388525,0.8668181859322978,0.8245517718193235
Set14,flowers,nearest,26.578136435623875,0.8509040479463902,28.344302353160387,0.866667500212178,0.8657079103464164
Set14,flowers,bicubic,28.56451445838583,0.8827954869839015,30.36544034593026,0.8989562501324952,0.8939584633978782
Set14,flowers,bicubic_cv2,28.842211515395967,0.8883974784471306,30.647883186776255,0.9042073300919254,0.8991049757390516
Set14,foreman,nearest,29.033719142058008,0.9230449117389461,31.45778126367157,0.9319608513560605,0.9277285258042366
Set14,foreman,bicubic,31.186727034439077,0.9420541939158497,34.10168832992483,0.951727871641302,0.944933390738
Set14,foreman,bicubic_cv2,31.349038062398957,0.9428440737431365,34.32268851088065,0.9527472869179403,0.9457134043831276
Set14,lenna,nearest,30.578896998506284,0.8322003574733503,32.31062140691931,0.889297294200998,0.845624440392195
Set14,lenna,bicubic,32.40007783144603,0.8507281812461804,34.708379767186926,0.9114161208997191,0.8620533426235054
Set14,lenna,bicubic_cv2,32.60506040871277,0.8544308416228205,34.98062023243085,0.9143444565043047,0.8656161326760285
Set14,man,nearest,26.689931878498783,0.8059217457429974,27.988466020718924,0.8210676129123875,0.8250318095020339
Set14,man,bicubic,27.943988194753384,0.8314603958633356,29.244349641931446,0.8457050947356641,0.8480139137265085
Set14,man,bicubic_cv2,28.11753301303563,0.8377765912876506,29.4186504114759,0.8514885768603738,0.8539961011228302
Set14,monarch,nearest,28.82034365733574,0.9253737204123066,30.14907655804389,0.9363561727434254,0.9322898122402665
Set14,monarch,bicubic,31.587415570012606,0.9509294026586687,32.94641009762447,0.9606884490120997,0.9537886358708622
Set14,monarch,bicubic_cv2,31.890659365716335,0.9527019406033124,33.257065928095486,0.9621269529555838,0.9554581858399539
Set14,pepper,nearest,28.871597850617334,0.8201944851888873,32.67473386701112,0.8884326557210358,0.8331430360284052
Set14,pepper,bicubic,30.46590272167329,0.8368483307418032,34.978277679202684,0.9080738634205227,0.8478963222640318
Set14,pepper,bicubic_cv2,30.625599367024098,0.8393435495963705,35.13738583882616,0.9096958939559034,0.8502604789460319
Set14,ppt3,nearest,23.488024273235013,0.9162571266569174,25.0072664717749,0.9241748761065872,0.920147587982041
Set14,ppt3,bicubic,25.334168337573495,0.9372522776189651,26.80459285684368,0.9465665629512654,0.9328822575878482
Set14,ppt3,bicubic_cv2,25.698395840447034,0.9405720807657124,27.16426585536589,0.9497161766496071,0.9353645678990371
Set14,zebra,nearest,26.059075060137662,0.85740493608939,27.323266357553084,0.8656954657313594,0.8762873189903533
Set14,zebra,bicubic,29.335918549960375,0.9028056044856014,30.65010875461665,0.9091977703658806,0.9161960835975335
Set14,zebra,bicubic_cv2,29.793875185971835,0.9101293591692183,31.120523253717288,0.916003157203814,0.9229446998423311
BSD100,101085,nearest,23.80944534092545,0.6907281494348084,25.171352747569664,0.7114289975675633,0.720023014727362
BSD100,101085,bicubic,24.42032812509038,0.7030682679198477,25.813725121705502,0.7249831777337433,0.7317421961880209
BSD100,101085,bicubic_cv2,24.537356936321295,0.712722722014834,25.934938671784444,0.7337580242387538,0.7410792478805913
BSD100,101087,nearest,27.719249711451358,0.8646901003217643,29.510155347385382,0.8725119090794857,0.8765887916702062
BSD100,101087,bicubic,28.835815091723145,0.8771022543320925,30.54813028510816,0.8847239544697891,0.8875829985042806
BSD100,101087,bicubic_cv2,29.021140655281727,0.8816396966023768,30.723758077717953,0.8890484626510411,0.8919276394070265
BSD100,102061,nearest,26.164617119707522,0.8493891988950866,27.448586069281355,0.8593781063932089,0.8629358075769066
BSD100,102061,bicubic,26.81937512385892,0.8605007941104076,28.07289465690277,0.8703195606722751,0.8729600616634979
BSD100,102061,bicubic_cv2,26.932214672936606,0.8645138796743962,28.18562452565169,0.8740579019835131,0.8767729637870906
BSD100,103070,nearest,30.47589701161925,0.8918828235392439,31.79842475966474,0.8997761405969618,0.9052530043629473
BSD100,103070,bicubic,31.89494421696739,0.9219870847986935,33.18100559040003,0.9277450068727534,0.9310083075426302
BSD100,103070,bicubic_cv2,32.08127659576029,0.926168195975761,33.36591802032595,0.9315594829237689,0.9348599737123052
BSD100,105025,nearest,26.455640675070676,0.8111455213759867,27.76277663203019,0.8211518387494511,0.834919025200337
BSD100,105025,bicubic,27.424253002451007,0.8339184329933786,28.731143877190913,0.8434262762202757,0.8553916098321249
BSD100,105025,bicubic_cv2,27.596464645954832,0.8420263261448541,28.905346360309192,0.8509790359044263,0.8629864338791621
BSD100,106024,nearest,32.522748456029674,0.9180310797375392,33.92953305071243,0.9267172353347296,0.9253383293384543
BSD100,106024,bicubic,33.92847941286073,0.9318438937849027,35.31531816792489,0.9397273700747593,0.9368878905569801
BSD100,106024,bicubic_cv2,34.10474373021177,0.9342182879308547,35.49357924739538,0.9418109492489243,0.9392320086608921
BSD100,108005,nearest,26.68277781992869,0.8362971580924047,27.906926698726693,0.8494764858047,0.8546933267080153
BSD100,108005,bicubic,28.173102698764918,0.8712916418347018,29.439278823838542,0.8842130310886461,0.8859925521159814
BSD100,108005,bicubic_cv2,28.42387437969435,0.8792260607555326,29.694936921281553,0.8912741435561398,0.893529067265891
BSD100,108070,nearest,23.540470636928056,0.7434627960682247,24.808911644695076,0.7609160477966711,0.7680605042140266
BSD100,108070,bicubic,24.17819953950687,0.7630864473583779,25.465488695226554,0.781635431772031,0.7869562118328822
BSD100,108070,bicubic_cv2,24.33196333777037,0.7750601359085693,25.6227329424722,0.7926362376431092,0.7985276497195627
BSD100,108082,nearest,27.408588343256042,0.8495527087805179,28.68078626806192,0.860617011905949,0.8662500300564785
BSD100,108082,bicubic,28.816343099577555,0.8758793974182738,30.102344108574965,0.8867902126589978,0.8891577787686328
BSD100,108082,bicubic_cv2,29.023199777305962,0.8816728021818442,30.311830653420017,0.8920356457391069,0.8946726486337334
BSD100,109053,nearest,29.50699632723502,0.8643652056773682,30.80050803107353,0.8747699207602169,0.8786311223319081
BSD100,109053,bicubic,30.713230216155214,0.8886355769584435,32.002290052153676,0.8978348495699914,0.9004650249902327
BSD100,109053,bicubic_cv2,30.90433247393602,0.8939965186185611,32.19595740901451,0.9027291341395615,0.905641259876368
BSD100,119082,nearest,23.88585819901224,0.7976781789323399,25.15881316838214,0.8112511018248234,0.8095108732852504
BSD100,119082,bicubic,24.953924988483834,0.8155140097578372,26.25395693201287,0.829248087504134,0.8241621981074624
BSD100,119082,bicubic_cv2,25.089115639624424,0.8200339614666864,26.395323366539827,0.8335285620080217,0.8286549004224139
BSD100,12084,nearest,27.795342137604226,0.8337542617674886,29.298939719679726,0.842897096997902,0.8516481071668357
BSD100,12084,bicubic,29.664980316890542,0.869989167685131,31.025000570510578,0.8774637678045505,0.8843267800157175
BSD100,12084,bicubic_cv2,29.960901409324222,0.8780215440673867,31.325590601238453,0.885224103013445,0.8919672056836029
BSD100,123074,nearest,30.353793934285665,0.8768977007139194,31.68680542061214,0.8861368168516784,0.8942769753434687
BSD100,123074,bicubic,32.17489327358818,0.9130565993259516,33.50136166492546,0.9202797497771714,0.9259216383926252
BSD100,123074,bicubic_cv2,32.42860238767602,0.9191398736186684,33.75808502271147,0.9258460238800793,0.9315167812614952
BSD100,126007,nearest,28.59584654049819,0.8665802033534921,30.029364791085232,0.8800213378457992,0.8746844438194383
BSD100,126007,bicubic,29.747685013432484,0.8801696957580033,31.143503323424817,0.8936693956348217,0.8871045200769055
BSD100,126007,bicubic_cv2,29.923667428249722,0.8846217913892702,31.320730417679577,0.8977474451091508,0.8913819265031039
BSD100,130026,nearest,25.383468128717688,0.7883930410018697,26.620346425559482,0.8024606011269321,0.8101758291226796
BSD100,130026,bicubic,26.233827877299312,0.8090909644612995,27.495070286449817,0.8231907516793269,0.8295873475006653
BSD100,130026,bicubic_cv2,26.40498775312927,0.8182171430678725,27.66977326576225,0.831567541501305,0.8383252888014403
BSD100,134035,nearest,24.448612388569654,0.8336917359192406,25.805642144254936,0.8415144614820577,0.8507875327541431
BSD100,134035,bicubic,26.705931948043933,0.8774374994378239,28.033109416162475,0.8842453249742627,0.8894034039082227
BSD100,134035,bicubic_cv2,27.0910758312069,0.8854673032658141,28.41920978267804,0.8919085257319668,0.8968457860982161
BSD100,14037,nearest,33.38990875603567,0.9101210122121505,34.950437100512055,0.9220862025880385,0.9163917380787163
BSD100,14037,bicubic,34.64101577680461,0.9226217196605798,36.16734412113213,0.9345608860957045,0.9277261043686957
BSD100,14037,bicubic_cv2,34.79609601557986,0.9253997846032457,36.319150485405096,0.9369332637347496,0.9304256476828163
BSD100,143090,nearest,32.12775272629003,0.9219428688555801,34.16238641629541,0.9287406418684895,0.9274142808204892
BSD100,143090,bicubic,33.34243260762087,0.9335326263599683,35.15461910962783,0.9396791070129312,0.9373955625064205
BSD100,143090,bicubic_cv2,33.50263843868901,0.9358273828126347,35.29368368087852,0.9418205900093162,0.9395343644745268
BSD100,145086,nearest,25.024027921323544,0.7844518809617055,26.31275463949359,0.8019939576967875,0.7939912449298796
BSD100,145086,bicubic,25.85237770989462,0.7965612211387508,27.160600768082933,0.8145812035881457,0.8037444920724605
BSD100,145086,bicubic_cv2,25.976926865687954,0.8021163764643183,27.29146634503484,0.8194729727919705,0.8091790494752545
BSD100,147091,nearest,25.53988375144049,0.8434825848294415,26.8307025189429,0.8582901927423493,0.8543197568420288
BSD100,147091,bicubic,26.4834106687082,0.8542673940445004,27.738325352582667,0.869388483407529,0.864351877294888
BSD100,147091,bicubic_cv2,26.634304748089484,0.8589901055833019,27.891431292041666,0.8737549822077048,0.8689107584177261
BSD100,148026,nearest,22.126563324844398,0.7740639674670469,23.39459930406229,0.7890648787107339,0.7906118051673144
BSD100,148026,bicubic,23.166629521336525,0.7991061813924712,24.479236683459405,0.8151546370696985,0.8135774706206566
BSD100,148026,bicubic_cv2,23.365618816620835,0.8083824995178018,24.682587687747485,0.8236828235670434,0.8223494475075545
BSD100,148089,nearest,23.936551579885162,0.751562962883388,25.22615248215811,0.7671719425082887,0.774367960255755
BSD100,148089,bicubic,24.90748773018868,0.7729630655472896,26.215570144323237,0.7895607498705038,0.7946479055535364
BSD100,148089,bicubic_cv2,25.0825572742475,0.7822251110727484,26.392910164654594,0.7981320769411469,0.8035313453809719
BSD100,156065,nearest,24.964863508755496,0.689473843733596,26.217876785270352,0.7085853541417687,0.7145722529583725
BSD100,156065,bicubic,25.398379313256036,0.6982105972717448,26.666106489037592,0.7181690885883643,0.7230801158779377
BSD100,156065,bicubic_cv2,25.48901234827177,0.7070576234278269,26.757395922124296,0.726202230452294,0.7317244105385573
BSD100,157055,nearest,26.20014073274969,0.8505451359130488,27.55507363491231,0.8593206626272016,0.8656848117153486
BSD100,157055,bicubic,27.345931847121673,0.8788532442654277,28.67455736669089,0.886672457401181,0.8910358277604341
BSD100,157055,bicubic_cv2,27.513820640645402,0.8844047839818305,28.84314567184724,0.8918297402911536,0.8962369157967359
BSD100,159008,nearest,26.85219712153351,0.8639272220294076,28.13525218422342,0.8766666987915538,0.8802075629873559
BSD100,159008,bicubic,28.9261492022261,0.9011383488229555,30.371940154149137,0.9135367229228937,0.9128288806612731
BSD100,159008,bicubic_cv2,29.198586633799337,0.906736458000735,30.660639147708938,0.9183143241405852,0.9179405000800492
BSD100,160068,nearest,27.269164169360998,0.8868112051278341,28.446451607180528,0.8932799698187326,0.9016882825210962
BSD100,160068,bicubic,28.694325098197496,0.9037024786618604,29.93725995203581,0.9107649045283316,0.9166636360841997
BSD100,160068,bicubic_cv2,28.920754769771605,0.9083054460300413,30.168266070181943,0.9151819015797932,0.9208477371934999
BSD100,16077,nearest,27.582616800742308,0.8135933988869986,28.866974481949214,0.8296106500685934,0.8330122156855951
BSD100,16077,bicubic,28.912010416247004,0.8380159710179074,30.248018794811017,0.8539682253857684,0.8552932175948236
BSD100,16077,bicubic_cv2,29.105705745589855,0.8448213559902374,30.446380594040214,0.8600522417139298,0.8617289269923178
BSD100,163085,nearest,29.84703370177298,0.8650153773647098,31.20488515224391,0.8739818299381458,0.8823492102112419
BSD100,163085,bicubic,31.263179805830482,0.8889979056656335,32.55403560735719,0.8960569037761864,0.9041657313832037
BSD100,163085,bicubic_cv2,31.485876368512635,0.8945169610489971,32.77647970929175,0.9011364529595512,0.9093654720310713
BSD100,167062,nearest,29.586499823197364,0.9090240124370595,30.820297169464762,0.9194109845229512,0.9093859102464638
BSD100,167062,bicubic,31.06330231770869,0.9159137982416449,32.32302740842333,0.926493437172855,0.9144907136283625
BSD100,167062,bicubic_cv2,31.308034749551503,0.9185021419762881,32.5731968794188,0.9289426325247298,0.9169429600570012
BSD100,167083,nearest,20.095375769622503,0.6683662205794126,21.364096373567236,0.6753473820281458,0.6978385681004894
BSD100,167083,bicubic,20.57927849653733,0.6716005180762199,21.847907781429253,0.6789393235705982,0.7017169177486352
BSD100,167083,bicubic_cv2,20.69540534810784,0.6827509775594011,21.96527173582369,0.6898729208628459,0.7125186049455534
BSD100,170057,nearest,29.867971514422056,0.8744574318186417,31.388821252389583,0.8875462632656503,0.8886630900814417
BSD100,170057,bicubic,31.19746664873383,0.9056409690330239,32.7636114402682,0.9174388268015831,0.9164782452785896
BSD100,170057,bicubic_cv2,31.397053779592493,0.9109974854703969,32.96271003891391,0.9220019144282834,0.9216309459290072
BSD100,175032,nearest,21.43612951875469,0.6374928583596653,22.707985256360672,0.6516727261901968,0.6710751106366454
BSD100,175032,bicubic,21.857198613252457,0.6440292026081675,23.13678881616211,0.6594546589708916,0.678166242743353
BSD100,175032,bicubic_cv2,21.977218792455794,0.6582674809554799,23.25848684484078,0.6730811494346928,0.6921565119065827
BSD100,175043,nearest,25.577030594703245,0.7939751477486551,26.856433282175285,0.8047036288003309,0.822431219341072
BSD100,175043,bicubic,27.014094977935326,0.8329130556474263,28.323817581373703,0.8435137540453108,0.8571139945823473
BSD100,175043,bicubic_cv2,27.252633859387316,0.8433426637334597,28.56576681737209,0.8532079570704276,0.8667298793813664
BSD100,182053,nearest,24.296994341504966,0.8231547956531128,25.57293305089331,0.8332736092947394,0.8398250104997934
BSD100,182053,bicubic,24.986642782217455,0.8343213977158724,26.26664740906599,0.8451682860010012,0.8495978903404247
BSD100,182053,bicubic_cv2,25.107332797222437,0.8395389657123711,26.387920536768426,0.8501515647643902,0.8543997288664024
BSD100,189080,nearest,31.95496302656192,0.9019508174909144,33.10515503491388,0.9160757710826793,0.9094586931764027
BSD100,189080,bicubic,34.34743311280104,0.9174725096957422,35.61559845764577,0.9317903476130185,0.9225263368719948
BSD100,189080,bicubic_cv2,34.588235691188046,0.9196718095471109,35.8706637835614,0.9336086736385256,0.9245197669577895
BSD100,19021,nearest,26.685030859886787,0.8156522823955127,28.00096110439416,0.8300434258034387,0.833520793092705
BSD100,19021,bicubic,27.96971017330361,0.8376042823886389,29.287131580200608,0.8520904004794715,0.8532597098900124
BSD100,19021,bicubic_cv2,28.162092132521618,0.8444945996007812,29.482509938972147,0.8583592964649954,0.8597734140219684
BSD100,196073,nearest,27.879458294617272,0.6347797435277532,29.162451745058835,0.6660188931162567,0.648095487353109
BSD100,196073,bicubic,28.099303314643826,0.6265653947223854,29.391120918337784,0.6600868995831455,0.6402708606980413
BSD100,196073,bicubic_cv2,28.17529788215228,0.6356777680350342,29.4672862234441,0.6680141473440421,0.6498057643505902
BSD100,197017,nearest,27.69087633906638,0.7885464175295404,29.004121182977663,0.8050599982228152,0.8021083924159447
BSD100,197017,bicubic,28.43087724815742,0.7972844005211931,29.76355853554343,0.8146337130751362,0.8099343801395427
BSD100,197017,bicubic_cv2,28.541872738305372,0.8029427225689579,29.876055718920426,0.8196297337267949,0.8155670176233225
BSD100,208001,nearest,28.617996581058023,0.8310039389327541,29.84895693957002,0.8509282267239314,0.8450307128016802
BSD100,208001,bicubic,29.87164176863219,0.8589771324310531,31.19766525819979,0.8795093405760845,0.8705991468106102
BSD100,208001,bicubic_cv2,30.097080173580757,0.8670433719711452,31.431699943552736,0.8863927226213612,0.8784428882815544
BSD100,210088,nearest,30.353870197731666,0.9254170918348158,31.9130552205339,0.933714400480281,0.9320644991016293
BSD100,210088,bicubic,33.706593221046454,0.9577378889777473,35.07658775242864,0.9637668415144651,0.9607740980227252
BSD100,210088,bicubic_cv2,34.07454830436239,0.9598760818190107,35.45523960444454,0.9655591310285515,0.9628380819623165
BSD100,21077,nearest,26.17403436812602,0.797532163434767,27.464129139740734,0.8174988923081082,0.8112907569211828
BSD100,21077,bicubic,27.28178448500834,0.8133457088242256,28.584110811633185,0.8338841432141848,0.8248692331524969
BSD100,21077,bicubic_cv2,27.441114412835724,0.818674204120013,28.74778181314957,0.8386767397917502,0.8299634337972176
BSD100,216081,nearest,25.339841005113787,0.7786887167653762,26.55348281466315,0.7975697093767361,0.7959299684002459
BSD100,216081,bicubic,26.1203560592101,0.7907199833349766,27.328598453083522,0.810988621637686,0.8066131677413445
BSD100,216081,bicubic_cv2,26.24143263724289,0.7969496636043006,27.453288199484064,0.8166648294034038,0.8126482822070876
BSD100,219090,nearest,26.546903479388078,0.8135170383223057,27.79377573026079,0.8301446840101729,0.8251049603844168
BSD100,219090,bicubic,27.25057515244626,0.8213283912643258,28.522048117714938,0.8388404016320283,0.8320089904620551
BSD100,219090,bicubic_cv2,27.363909947681012,0.825708461690725,28.63757589014787,0.8427791950703518,0.8363447772072691
BSD100,220075,nearest,26.664849051014187,0.8912168156383119,27.903872203914982,0.900513860897003,0.9031551044391568
BSD100,220075,bicubic,28.462779994132866,0.9227391284677421,29.721249445173072,0.9314536585976225,0.9304383203293005
BSD100,220075,bicubic_cv2,28.677950849749298,0.926460852806815,29.94256995883752,0.9346174146317651,0.9338643576238206
BSD100,223061,nearest,24.659343776845684,0.7677434760818365,25.953358552304195,0.7777817979781799,0.7910418250402493
BSD100,223061,bicubic,25.20981279161873,0.7806989232344689,26.506941860317124,0.7909185476533465,0.8035501081771713
BSD100,223061,bicubic_cv2,25.336416815380534,0.7896115019886233,26.63465447741064,0.7993231080202101,0.812190725047191
BSD100,227092,nearest,33.98970856288129,0.8957792935323584,35.32198301135725,0.9056772767921051,0.9030440486491637
BSD100,227092,bicubic,34.82465718522137,0.9031034777356902,36.10521503901266,0.9128174215594859,0.9098665501828193
BSD100,227092,bicubic_cv2,34.95506167107405,0.9057516299930195,36.238042001895366,0.9152651742246704,0.9125652606384748
BSD100,229036,nearest,22.964223270525785,0.7465949464546356,24.232039409667195,0.7601749047519921,0.7707751782612396
BSD100,229036,bicubic,23.946596644785192,0.7696480870386928,25.21560715788791,0.7832307170336485,0.7924920922375328
BSD100,229036,bicubic_cv2,24.139925581901256,0.7798226465344315,25.410807671302035,0.7927861176997939,0.8022798195602792
BSD100,236037,nearest,25.383544078698968,0.7683716713657729,26.69475728477806,0.7773111088620132,0.7971025477676377
BSD100,236037,bicubic,26.277019688481438,0.7977516070352437,27.574162652671856,0.8056275378109553,0.8237779968533424
BSD100,236037,bicubic_cv2,26.44521972129745,0.8075208424650726,27.74303541145167,0.8148483470573974,0.8329891564749214
BSD100,24077,nearest,25.280906633411323,0.8873703939270728,26.661234260629357,0.8939954686167714,0.8976670786421966
BSD100,24077,bicubic,27.49950933241597,0.9208301731335921,28.861107809028642,0.9265475982997472,0.9265815714971134
BSD100,24077,bicubic_cv2,27.816973749913032,0.9248629290200164,29.1883932537138,0.9304067320884535,0.9302814181161333
BSD100,241004,nearest,31.74708203799444,0.8742264094862146,33.11670874078806,0.8898693802951375,0.882883096974349
BSD100,241004,bicubic,32.70932994886884,0.8855111464246518,34.08036690807427,0.90113872648347,0.8936252395604928
BSD100,241004,bicubic_cv2,32.855682159606744,0.8896306802987027,34.22991013100853,0.9046307808239573,0.897693413774094
BSD100,241048,nearest,25.05943955724048,0.7415778807381647,26.353343180028965,0.7551828920679774,0.76746516732361
BSD100,241048,bicubic,25.717941668582256,0.7528292310737532,27.008866165461587,0.7670412905471244,0.7782571143940692
BSD100,241048,bicubic_cv2,25.83535207894336,0.760858695781297,27.128107386854722,0.7745619546771958,0.7859868888306453
BSD100,253027,nearest,23.008287626207185,0.7982129687128069,24.249298925470253,0.8097597188477257,0.8149892118802352
BSD100,253027,bicubic,23.953269163069493,0.8172868990520744,25.199946731900162,0.8290263174251319,0.8314121036970787
BSD100,253027,bicubic_cv2,24.181630257472055,0.8250379122724484,25.431647554988487,0.8361991703208965,0.8390354836303344
BSD100,253055,nearest,32.089882683545625,0.8758708176173252,33.40258633434368,0.8923080914857864,0.8829481820139039
BSD100,253055,bicubic,32.841767105003186,0.8852083280844719,34.14357894696083,0.9019612552020747,0.8915225352852221
BSD100,253055,bicubic_cv2,32.96025657241571,0.8886002269768314,34.26585839151579,0.9048491696454424,0.8949931407634834
BSD100,260058,nearest,32.62778739543139,0.8469321449980746,34.02289944793288,0.8662297746732603,0.8554090054123386
BSD100,260058,bicubic,33.363703160050555,0.8595927649489014,34.78526907164346,0.8791065980544057,0.8670406167118294
BSD100,260058,bicubic_cv2,33.49448721323898,0.8643904747720651,34.91512857123732,0.8831628933958197,0.871931011095711
BSD100,271035,nearest,27.20541360342343,0.8332812947352495,28.494384166932246,0.8473973481818777,0.8487718148485953
BSD100,271035,bicubic,28.72304468972822,0.8621656847920303,30.04049671377015,0.8760845172328037,0.8747699704277462
BSD100,271035,bicubic_cv2,28.96243934175654,0.8686742819560255,30.283627120748157,0.8818993434879275,0.8808791630242884
BSD100,285079,nearest,25.050022841303704,0.7808838024697766,26.329628999190355,0.7962606520063201,0.8005606187917821
BSD100,285079,bicubic,26.259908608652683,0.8066675438361924,27.563692110418394,0.8221022374223557,0.8246282656052691
BSD100,285079,bicubic_cv2,26.459318268369387,0.815305813294195,27.768133088542108,0.8299110971788989,0.8330161176269567
BSD100,291000,nearest,21.471649978237046,0.6154205962505596,22.83612093103486,0.6283695298656791,0.6479831207281747
BSD100,291000,bicubic,21.847666161305913,0.6157877986670441,23.199152433771054,0.6298559851586872,0.6489569824356602
BSD100,291000,bicubic_cv2,21.94336343421956,0.628364322744428,23.296627858627588,0.6419727120024595,0.6613066976831202
BSD100,295087,nearest,27.460776642684106,0.8035078981149165,28.806167647079906,0.8162688327320234,0.8202504542871006
BSD100,295087,bicubic,28.135807474152973,0.8121505740521199,29.40176838217664,0.8251139471713511,0.8285600858794037
BSD100,295087,bicubic_cv2,28.263340354221064,0.8188351125395639,29.535093324873248,0.8316779806557043,0.8350477006951899
BSD100,296007,nearest,32.125261844870636,0.8484968990259238,33.58962827375916,0.867002505930706,0.8591294017042744
BSD100,296007,bicubic,32.71376093909054,0.8567594244264143,34.1812980910857,0.8759670297142215,0.8672190335317471
BSD100,296007,bicubic_cv2,32.830008106470466,0.8617630143842986,34.294498961000315,0.8802540749861526,0.872238545719401
BSD100,296059,nearest,30.13772485260668,0.8246363422296342,31.49040975548634,0.8437604111517149,0.8343511418012494
BSD100,296059,bicubic,30.90807765250649,0.8339156172506571,32.27574353457054,0.8535388329275382,0.8427215934190079
BSD100,296059,bicubic_cv2,31.0125891251677,0.8384123558945706,32.38121512900164,0.8573911463666744,0.847193604432289
BSD100,299086,nearest,31.64203226134648,0.8497549255255267,32.934577871421446,0.8669311966040109,0.8588552576566936
BSD100,299086,bicubic,32.30585818056825,0.8583572224318168,33.59905351577439,0.8759180429308124,0.86712494209333
BSD100,299086,bicubic_cv2,32.423646421442896,0.8627706730017318,33.7184303595363,0.8797402245317478,0.8716128588405648
BSD100,300091,nearest,28.570948974972406,0.8434438303765665,29.879862876477734,0.8582503272361888,0.8517186334395507
BSD100,300091,bicubic,29.490476712073637,0.8539083950714028,30.77079476621524,0.8689714700334252,0.8615210947363382
BSD100,300091,bicubic_cv2,29.644798093023073,0.8588588754517587,30.92711730719546,0.8735121975551633,0.8664249446345478
BSD100,302008,nearest,28.601752972147658,0.9388819075413867,29.943140606698655,0.9438194579167204,0.9468106975690094
BSD100,302008,bicubic,33.20000494934493,0.9617870354930559,34.505949910684386,0.966262165983041,0.9659816740277378
BSD100,302008,bicubic_cv2,33.65067568286613,0.9632119577686077,34.959657657752686,0.9676540150617573,0.9673182261241761
BSD100,304034,nearest,24.648495289081687,0.7909626187114056,25.90978936984002,0.8028386955460786,0.8161500417046789
BSD100,304034,bicubic,25.666624005271505,0.8281761155520168,26.97613150724257,0.839905378981393,0.8476856615882381
BSD100,304034,bicubic_cv2,25.837840898431192,0.83758622956186,27.151800328673943,0.8485692360947108,0.8563693735094718
BSD100,304074,nearest,25.812090916866257,0.7374494488907247,27.096016600096572,0.755783785852356,0.7647876506802764
BSD100,304074,bicubic,26.800851181280084,0.7559893917324315,28.10366438848191,0.7750071841501053,0.7823667495880088
BSD100,304074,bicubic_cv2,26.956356620517063,0.7655021354590424,28.260442851663544,0.7836267872000505,0.7914625754797275
BSD100,306005,nearest,27.995480971175205,0.8550248842415717,29.30669793552884,0.8653590473846424,0.8725727126996071
BSD100,306005,bicubic,29.490453639766272,0.8781361092403075,30.787113193006242,0.8873137637387594,0.8932801058782022
BSD100,306005,bicubic_cv2,29.709187316238427,0.8840671102182626,31.00863175108252,0.8927237476019855,0.898770643647011
BSD100,3096,nearest,36.090066799778945,0.9744706165302949,37.45760039573961,0.9783196756864506,0.9753505637269028
BSD100,3096,bicubic,38.31965694556291,0.9797003719160561,39.62366199911439,0.9837481121742753,0.9799116329583533
BSD100,3096,bicubic_cv2,38.587474875331345,0.9802255759542229,39.90112658124947,0.9843430482129683,0.9803838076779537
BSD100,33039,nearest,21.372609238690853,0.7341678693338691,22.649256736535964,0.7430775864306705,0.7711826102107487
BSD100,33039,bicubic,22.37596988816182,0.762370253850726,23.675875793028737,0.7717550102368811,0.7975319302475182
BSD100,33039,bicubic_cv2,22.54807017234233,0.7736690768177538,23.85109209852687,0.7825467952294836,0.8079375011053461
BSD100,351093,nearest,22.748609621802913,0.7608853916086321,24.08403796655726,0.7726132325728831,0.7826072877588702
BSD100,351093,bicubic,23.33838513976129,0.7687870098547657,24.674224007394116,0.7814649661090585,0.7901739260140622
BSD100,351093,bicubic_cv2,23.465084676755254,0.7772057743289505,24.800830499243585,0.7895018576442954,0.798187636919716
BSD100,361010,nearest,27.843321293231803,0.8571758554269325,29.115795294982007,0.874862020066517,0.866667396227833
BSD100,361010,bicubic,29.567958821439163,0.8842620030267555,30.878337477555956,0.9016738968213982,0.8910239088538224
BSD100,361010,bicubic_cv2,29.843668274258334,0.8898823327727069,31.164189341806775,0.9063912115934825,0.8964443976800434
BSD100,37073,nearest,29.14091781452695,0.8252099460674782,30.386668483608503,0.8485072450001612,0.8309151365191093
BSD100,37073,bicubic,30.035771986751865,0.8345884132226754,31.307743995425717,0.8586413153818331,0.8395513526612483
BSD100,37073,bicubic_cv2,30.205596468737056,0.8390268471174046,31.480623194711118,0.8624309079023057,0.8441396821826569
BSD100,376043,nearest,25.75207724920833,0.7553597057561858,27.10022138407618,0.7645267272585664,0.7833945635118728
BSD100,376043,bicubic,26.725911951055853,0.779653177486376,28.053720006853922,0.7880032007851352,0.8061297835092955
BSD100,376043,bicubic_cv2,26.911309338742736,0.7908619094524852,28.238916028528006,0.7985088411371112,0.8167940461241944
BSD100,38082,nearest,27.71130539556348,0.7449864931529171,29.010633679472704,0.7618437102175833,0.7753458133661466
BSD100,38082,bicubic,28.41718126781909,0.7627241287456195,29.725940759706994,0.7795546905714166,0.7923831107599698
BSD100,38082,bicubic_cv2,28.553477743446237,0.7724918475071277,29.864259676700545,0.7884108170113903,0.8016596965416797
BSD100,38092,nearest,26.172175987870233,0.7895224979819006,27.515082188996214,0.8041576704075385,0.8118995773719919
BSD100,38092,bicubic,26.973030587705786,0.8029645929476866,28.354067498352002,0.8184213928994198,0.8241532311472471
BSD100,38092,bicubic_cv2,27.087806966848483,0.8096321790371759,28.47323943495011,0.8244832224326021,0.8304772907216379
BSD100,385039,nearest,23.70699369427163,0.7729183200327611,25.003490662617583,0.7884595909167513,0.7864023768574405
BSD100,385039,bicubic,24.625610647531524,0.7858711559565933,25.92454437720462,0.8018434735772478,0.7975654467836901
BSD100,385039,bicubic_cv2,24.79039044212323,0.7926736429117319,26.09109042264305,0.8081119916391154,0.8042334436143017
BSD100,41033,nearest,30.119348448351047,0.8444534128800983,31.646526521678364,0.8624746896735657,0.8544857784610529
BSD100,41033,bicubic,31.208777493006043,0.864856538812315,32.80251655333872,0.8821943390967406,0.8729597905230831
BSD100,41033,bicubic_cv2,31.368226930497155,0.87037124703074,32.96886151394646,0.8868701487529754,0.8784695774919679
BSD100,41069,nearest,24.164106912466934,0.6851371641293499,25.49826875540681,0.7002887472980994,0.7118049184841385
BSD100,41069,bicubic,24.63945616133671,0.6937615253212414,25.985580443040902,0.7098644861060922,0.7207446521302957
BSD100,41069,bicubic_cv2,24.771664830385003,0.7072283507013749,26.11979321167062,0.7224347905955754,0.7339583774921952
BSD100,42012,nearest,29.562198972307602,0.863555340006028,30.86845356013972,0.8755722375415779,0.8781839332641889
BSD100,42012,bicubic,30.937735538563132,0.8907985327881077,32.27340749359999,0.9019420454130398,0.901766482858258
BSD100,42012,bicubic_cv2,31.093532160984573,0.8953623170575239,32.43216410973078,0.9060178587639419,0.9061054506060219
BSD100,42049,nearest,28.388343926564357,0.9350978772191643,29.654873478440834,0.9411257219370666,0.9371824630103281
BSD100,42049,bicubic,30.33945883185242,0.9472760908782613,31.623165660581304,0.9534616028229319,0.9457490190195162
BSD100,42049,bicubic_cv2,30.58080063525623,0.9482678330930323,31.86674801881074,0.9544285653489466,0.9464190069318322
BSD100,43074,nearest,30.415129579718226,0.8797291702684777,31.63488088674314,0.8910080700292413,0.8893846396510859
BSD100,43074,bicubic,30.956123575758156,0.8917533846806237,32.179242871291386,0.9026365297437303,0.9005352234258224
BSD100,43074,bicubic_cv2,31.08421165947174,0.8963499257715885,32.30729601705826,0.9066114283469949,0.9051330404681291
BSD100,45096,nearest,34.552334875159374,0.9417377562999952,35.849518805574895,0.9511873468597638,0.9450287875377201
BSD100,45096,bicubic,36.3566806052556,0.9503310825119108,37.64426377148787,0.960203139505297,0.9524481220603617
BSD100,45096,bicubic_cv2,36.55542928715598,0.9518069725084889,37.84945021398938,0.9614928708856845,0.9538889606029582
BSD100,54082,nearest,28.29490159576311,0.7843156418423568,29.69902088768242,0.7999370404852849,0.8005714212608416
BSD100,54082,bicubic,28.763545686796093,0.7894892077311075,30.135267150940717,0.8057934340925078,0.8054884254330917
BSD100,54082,bicubic_cv2,28.859637281060714,0.7952518781833161,30.225529310291357,0.8110477994071911,0.8111871042082165
BSD100,55073,nearest,22.529662426275166,0.6828804145803287,23.787085900579577,0.7046638822580462,0.7098912187046952
BSD100,55073,bicubic,23.058546892277295,0.6930162388682195,24.3309827412029,0.7168752688773201,0.7204374863656587
BSD100,55073,bicubic_cv2,23.18791593018919,0.7048008463482388,24.46301219825707,0.727845422399335,0.7319111981110166
BSD100,58060,nearest,21.582164744808622,0.728980539679989,22.794590797333928,0.7434166327500565,0.7470406376879338
BSD100,58060,bicubic,22.009310906381852,0.7340670604403993,23.233259808028134,0.7490973786542761,0.7523164631705322
BSD100,58060,bicubic_cv2,22.138162708319406,0.7433722479717823,23.364135402965832,0.7580011066743729,0.7614686973810465
BSD100,62096,nearest,24.405691324251805,0.8274046951269961,25.78195143852917,0.836911017755493,0.8370194458517141
BSD100,62096,bicubic,25.43458675242398,0.8422610596805815,26.841892058551476,0.8521378468886472,0.8500654287061747
BSD100,62096,bicubic_cv2,25.608115491264765,0.8480447866221968,27.027917741940534,0.8577008380477555,0.8555383427800999
BSD100,65033,nearest,25.123668095176797,0.7278133563094992,26.36241219799425,0.7532663520666851,0.751533693923499
BSD100,65033,bicubic,25.91535265475139,0.7468686965358464,27.191345397637203,0.774962915498978,0.7694546321575085
BSD100,65033,bicubic_cv2,26.0677051481532,0.7576461166101506,27.349247709087088,0.7848132541913108,0.7798938338089133
BSD100,66053,nearest,27.47894331934583,0.7923994122442628,28.757075034331706,0.8084081710967667,0.8103122319038082
BSD100,66053,bicubic,28.25919256026685,0.8136573642650214,29.547062304764644,0.8294553894710579,0.8300650844819555
BSD100,66053,bicubic_cv2,28.384023119140434,0.8210732188973444,29.67226091462614,0.8360763983699497,0.8372993536813217
BSD100,69015,nearest,30.185892734754333,0.8668363352510363,31.475296592876493,0.8767082298348937,0.8834433654278402
BSD100,69015,bicubic,32.09894601039654,0.8985779292151316,33.40670441184538,0.9071081267730743,0.9117131773064046
BSD100,69015,bicubic_cv2,32.36760885733616,0.9046489910613603,33.68027435452981,0.9125745841127177,0.917388130286665
BSD100,69020,nearest,27.23175050205282,0.7015837642517432,28.600083829544687,0.7166802169937244,0.7306800997929429
BSD100,69020,bicubic,27.87954582055739,0.7134575277640972,29.21938949539269,0.7284159443752479,0.7421467399770544
BSD100,69020,bicubic_cv2,27.992874073057983,0.7234269365868345,29.33359174628282,0.737610935621006,0.7518593409900918
BSD100,69040,nearest,25.991420294636644,0.7939654934781055,27.3173460163818,0.8044932946317115,0.8174876514557182
BSD100,69040,bicubic,27.01306146146063,0.8257345217947799,28.337556107240193,0.8354111058141831,0.8461790399426029
BSD100,69040,bicubic_cv2,27.2282196340732,0.8357088957414381,28.555927525033443,0.8447861309701804,0.8556890936203928
BSD100,76053,nearest,29.54835064465977,0.801899783621503,30.76508704933496,0.8260788686439695,0.8197361821656894
BSD100,76053,bicubic,30.413836554230848,0.8199730218623177,31.68637747261553,0.84604143146358,0.8366045617547374
BSD100,76053,bicubic_cv2,30.562058427387285,0.8271414104464174,31.840789257077073,0.8522095375809872,0.8436468684722147
BSD100,78004,nearest,25.52189483975123,0.7925640522902982,26.7824711218095,0.8078316754978209,0.8043308686613999
BSD100,78004,bicubic,26.321299396494528,0.8067717523077382,27.616640042417707,0.8226961633509909,0.8154998600143953
BSD100,78004,bicubic_cv2,26.439602899812176,0.8115546878348727,27.73833910097244,0.8270355993226991,0.8201658634631256
BSD100,8023,nearest,30.63903839526261,0.9113232269445568,31.95535686464257,0.9186785467037272,0.9241810486414802
BSD100,8023,bicubic,33.21516932107642,0.9473285883824033,34.52775754574867,0.9520498049295067,0.9546708996427672
BSD100,8023,bicubic_cv2,33.641361384856964,0.9512400533903108,34.96316162470814,0.9555908754518452,0.9583358712328841
BSD100,85048,nearest,25.763389835853697,0.8134726362826442,27.11374489921184,0.8246176211360368,0.8338917558908613
BSD100,85048,bicubic,27.238805511814714,0.8465435363851651,28.596217988329418,0.8571096371612984,0.8638646507062241
BSD100,85048,bicubic_cv2,27.462957510471675,0.8544957645951214,28.827969149760975,0.8645555456152149,0.8713592954153423
BSD100,86000,nearest,25.517632344759473,0.8391425766540818,26.81399926122319,0.8504244854487573,0.8533873896056394
BSD100,86000,bicubic,26.593076753489242,0.8610075691598911,27.88582214347338,0.8720932300815076,0.8731077123713282
BSD100,86000,bicubic_cv2,26.781655907910896,0.8670051138766536,28.07996775396433,0.8777415468624999,0.8788311594902761
BSD100,86016,nearest,21.946810612541086,0.5238905893842131,23.265370027238824,0.5397013802249935,0.5530711315013366
BSD100,86016,bicubic,22.06426399190017,0.5096502879960316,23.384927380598445,0.5269618374568806,0.5400873808402428
BSD100,86016,bicubic_cv2,22.123215339673813,0.522461262046494,23.444661448183183,0.5390949118259314,0.5531277996316403
BSD100,86068,nearest,27.201868459824965,0.689310673455363,28.527870082485634,0.7132531504557632,0.711432973778996
BSD100,86068,bicubic,27.600917207626175,0.6939996587897183,28.93302102287918,0.7191379076271521,0.7166498318773605
BSD100,86068,bicubic_cv2,27.70633627457633,0.7037492011696292,29.039234901032906,0.727870845018849,0.7264436318641566
BSD100,87046,nearest,26.15616928449615,0.843004562453984,27.425244677428267,0.8518790794380706,0.8634079913522296
BSD100,87046,bicubic,27.540225770388794,0.876683806198646,28.843317094963183,0.8840632709840304,0.8926921224086928
BSD100,87046,bicubic_cv2,27.73406066233975,0.8828050474051046,29.042888727950107,0.8897498388796602,0.8984383000229158
BSD100,89072,nearest,26.508066515715413,0.8023483719852241,27.75932890721719,0.8179241359527311,0.8178687883341724
BSD100,89072,bicubic,27.590863012388716,0.8227060488757026,28.880369796726377,0.8380885999433688,0.8373189278810673
BSD100,89072,bicubic_cv2,27.75144919778246,0.8294573842879985,29.042034227124276,0.8440807185760822,0.8438494391390705
BSD100,97033,nearest,24.67669294413747,0.7989873018384487,25.96175275730125,0.8110150042588677,0.8152449569834795
BSD100,97033,bicubic,25.839557606704908,0.8218334008224165,27.129841891038325,0.8338009095729093,0.8358620524606751
BSD100,97033,bicubic_cv2,26.02394632629433,0.829005600215453,27.317652834890737,0.8405691454388549,0.8425585207101302
