set,image,method,psnr_rgb,ssim_rgb,psnr_y,ssim_y
Set5,baby,bicubic,35.616256446175036,0.9415863861678783,37.077835430527195,0.9523474763309623
Set5,baby,fp32,36.79937137808831,0.9559133001754514,38.335988528307084,0.9646626002611298
Set5,baby,int8,36.23970746391998,0.9433468814036586,38.02222744670686,0.9609540312462642
Set5,bird,bicubic,34.87196825825453,0.9633725306715292,36.821585523818754,0.9725302880574438
Set5,bird,fp32,36.55374537129907,0.9699626816222571,38.946539668541796,0.98076007802477
Set5,bird,int8,36.14410637009085,0.9622316657895387,38.660961156627394,0.9780033854948553
Set5,butterfly,bicubic,26.116475338299637,0.8984944921917033,27.436967452392782,0.9158169578546472
Set5,butterfly,fp32,27.862514614019407,0.9185475560248243,29.2972018333436,0.93326751178216
Set5,butterfly,int8,27.76482334858681,0.9122826419711193,29.224342433640903,0.931113959117765
Set5,head,bicubic,31.50905648688135,0.7982919210985285,34.88143384526171,0.8629509451375812
Set5,head,fp32,31.94489646187151,0.8209666937852035,35.610922385499784,0.8846740923352759
Set5,head,int8,31.79367850701487,0.8146206445914873,35.48540642489224,0.8816494497488753
Set5,woman,bicubic,30.820043350384925,0.9422923877463724,32.1487335448616,0.9478094299436622
Set5,woman,fp32,32.44071104976865,0.9564292646692301,33.83517104080228,0.9611618333328413
Set5,woman,int8,32.22865291838489,0.9474664419071551,33.720786201639086,0.9580576934026603
Set14,baboon,bicubic,22.544819808768565,0.6359907798622092,24.8617294267854,0.6981145621408456
Set14,baboon,fp32,23.013857121403273,0.6869175452306179,25.499998414715282,0.7558558323990213
Set14,baboon,int8,22.99192207538667,0.6841222759410691,25.48286678772197,0.7540067548292084
Set14,barbara,bicubic,26.426482825887824,0.8209809139590335,28.00216436753372,0.8418195174237189
Set14,barbara,fp32,26.9811946728241,0.8515823860517893,28.609639160356124,0.8722275305241448
Set14,barbara,int8,26.927657576474516,0.8448141924673461,28.579295005857315,0.8694553710182483
Set14,bridge,bicubic,26.49329429655367,0.7923287913802776,27.891554234026927,0.803844674504498
Set14,bridge,fp32,27.352585993544718,0.8403754125764046,28.776052899596763,0.8496894437184451
Set14,bridge,int8,27.29784848086991,0.8368303246489898,28.747014151298256,0.8478299750594752
Set14,coastguard,bicubic,27.801513581882457,0.7724701946808915,29.12086545174098,0.7892254851589304
Set14,coastguard,fp32,29.087061827937163,0.8351865974985149,30.44010874458118,0.8472189863634275
Set14,coastguard,int8,29.001491768247647,0.8309251094390602,30.39633743159122,0.8452599740167351
Set14,comic,bicubic,24.59970430036214,0.8419418821937015,26.015924677342706,0.8496493011659025
Set14,comic,fp32,25.835015428913533,0.8800703188713469,27.3698727974133,0.8910950883796117
Set14,comic,int8,25.749559876518724,0.8761649210855701,27.30389861870441,0.8890935401762252
Set14,face,bicubic,31.48378275971032,0.7980660605789046,34.853933700002486,0.8628431350888098
Set14,face,fp32,31.922156835972466,0.8208902616198642,35.58739267759472,0.8847278576356298
Set14,face,int8,31.772139577732368,0.8145988990256855,35.46198239054618,0.8817248937439123
Set14,flowers,bicubic,28.56451445838583,0.8827954869839015,30.36544034593026,0.8989562501324952
Set14,flowers,fp32,29.549115735322328,0.894726857435168,31.66691272763671,0.9211501623760675
Set14,flowers,int8,29.420304733748882,0.8881176702776176,31.561794408194306,0.9183939385808627
Set14,foreman,bicubic,31.186727034439077,0.9420541939158497,34.10168832992483,0.951727871641302
Set14,foreman,fp32,32.195323641753504,0.9523713761208844,35.43966552808272,0.9613745942796411
Set14,foreman,int8,31.996209245937717,0.9408332470478079,35.28541176266738,0.9576581504390094
Set14,lenna,bicubic,32.40007783144603,0.8507281812461804,34.708379767186926,0.9114161208997191
Set14,lenna,fp32,33.221716459876774,0.8646383883632188,35.99757338605167,0.9258885149238546
Set14,lenna,int8,32.9547246021399,0.8546415320251208,35.78713921916938,0.9224353299374924
Set14,man,bicubic,27.943988194753384,0.8314603958633356,29.244349641931446,0.8457050947356641
Set14,man,fp32,28.85850711043675,0.8634539653526772,30.177240180700945,0.8760432907753162
Set14,man,int8,28.783190551717993,0.857420734051734,30.13844192899146,0.8736132416788713
Set14,monarch,bicubic,31.587415570012606,0.9509294026586687,32.94641009762447,0.9606884490120997
Set14,monarch,fp32,33.25284354944482,0.9593214380890679,34.736149112937625,0.9686204643203848
Set14,monarch,int8,32.986772782013496,0.9476571188296504,34.57868925636643,0.9648190202446463
Set14,pepper,bicubic,30.46590272167329,0.8368483307418032,34.978277679202684,0.9080738634205227
Set14,pepper,fp32,30.7983627782528,0.8418305568798928,35.78856923345006,0.9159483611003576
Set14,pepper,int8,30.658695652470133,0.8322793598358392,35.62128455187971,0.9126105721666397
Set14,ppt3,bicubic,25.334168337573495,0.9372522776189651,26.80459285684368,0.9465665629512654
Set14,ppt3,fp32,26.757047456622402,0.938733098533437,28.34145911981848,0.956471197961017
Set14,ppt3,int8,26.441134625955417,0.926385377231897,28.056208438574814,0.9523296850755489
Set14,zebra,bicubic,29.335918549960375,0.9028056044856014,30.65010875461665,0.9091977703658806
Set14,zebra,fp32,31.294713107531287,0.9336058521610292,32.68736618353805,0.9391855314386836
Set14,zebra,int8,31.10957588439738,0.9288637397138001,32.56644907413974,0.9373141913341962
BSD100,101085,bicubic,24.42032812509038,0.7030682679198477,25.813725121705502,0.7249831777337433
BSD100,101085,fp32,25.171714353247605,0.7626585116561992,26.595162994006376,0.7803613237369362
BSD100,101085,int8,25.135935389951666,0.7596990510518838,26.572577349528927,0.7785425393297909
BSD100,101087,bicubic,28.835815091723145,0.8771022543320925,30.54813028510816,0.8847239544697891
BSD100,101087,fp32,29.723125428571567,0.9010648149269622,31.50615275490848,0.9081539134427318
BSD100,101087,int8,29.57955648223452,0.8920127925013962,31.417156057404895,0.9049259134330632
BSD100,102061,bicubic,26.81937512385892,0.8605007941104076,28.07289465690277,0.8703195606722751
BSD100,102061,fp32,27.542776810609556,0.8837486066444233,28.810181178236096,0.8924391842977828
BSD100,102061,int8,27.469007669276472,0.8751310280301015,28.769508410673605,0.8885706413677534
BSD100,103070,bicubic,31.89494421696739,0.9219870847986935,33.18100559040003,0.9277450068727534
BSD100,103070,fp32,32.962530169573576,0.9427180991887761,34.26238223777493,0.9474957865617933
BSD100,103070,int8,32.78890261303008,0.936269762896048,34.17122290722961,0.9443797504011838
BSD100,105025,bicubic,27.424253002451007,0.8339184329933786,28.731143877190913,0.8434262762202757
BSD100,105025,fp32,28.361325132648894,0.877337300660524,29.693653644759195,0.8849182763585246
BSD100,105025,int8,28.2518624443704,0.8712363660194202,29.63359708349016,0.8826024281524852
BSD100,106024,bicubic,33.92847941286073,0.9318438937849027,35.31531816792489,0.9397273700747593
BSD100,106024,fp32,34.96880921327311,0.9456212312462653,36.39112867254773,0.9523207738692936
BSD100,106024,int8,34.51830789033518,0.9324828192557236,36.18036219403169,0.9478804911081051
BSD100,108005,bicubic,28.173102698764918,0.8712916418347018,29.439278823838542,0.8842130310886461
BSD100,108005,fp32,29.48815952402431,0.9091084548834938,30.805191340424088,0.9188475071781789
BSD100,108005,int8,29.383165201137462,0.9050328567826028,30.732670288182675,0.9166527802739737
BSD100,108070,bicubic,24.17819953950687,0.7630864473583779,25.465488695226554,0.781635431772031
BSD100,108070,fp32,25.070380833840606,0.8256264560862786,26.38723274023716,0.8399611902068799
BSD100,108070,int8,25.02226589377484,0.822045334312708,26.350747511752477,0.8377059280693401
BSD100,108082,bicubic,28.816343099577555,0.8758793974182738,30.102344108574965,0.8867902126589978
BSD100,108082,fp32,29.969830466632132,0.906447971528661,31.29001302449899,0.9152314841082113
BSD100,108082,int8,29.85276796807495,0.9009343380138776,31.212602550906748,0.9123727335802735
BSD100,109053,bicubic,30.713230216155214,0.8886355769584435,32.002290052153676,0.8978348495699914
BSD100,109053,fp32,31.773474085059274,0.9158524999016561,33.08985812138967,0.9233193709597808
BSD100,109053,int8,31.636429826476963,0.9091309009525955,33.01837693918686,0.9202305440455689
BSD100,119082,bicubic,24.953924988483834,0.8155140097578372,26.25395693201287,0.829248087504134
BSD100,119082,fp32,26.099992659940142,0.8521070403899493,27.445377439470896,0.864701499119104
BSD100,119082,int8,26.043792354464024,0.8473339095656612,27.406527456488988,0.862366733165399
BSD100,12084,bicubic,29.664980316890542,0.869989167685131,31.025000570510578,0.8774637678045505
BSD100,12084,fp32,31.10319521290282,0.9055158035088864,32.516863761039176,0.9126991488745512
BSD100,12084,int8,30.97167649703337,0.9013992580811174,32.43833507503186,0.9106354890104393
BSD100,123074,bicubic,32.17489327358818,0.9130565993259516,33.50136166492546,0.9202797497771714
BSD100,123074,fp32,33.50462625884811,0.9396489841207742,34.862720758914485,0.9451425578315827
BSD100,123074,int8,33.2868755047817,0.9334882232910914,34.75465312443275,0.9424532853501703
BSD100,126007,bicubic,29.747685013432484,0.8801696957580033,31.143503323424817,0.8936693956348217
BSD100,126007,fp32,30.764082751611504,0.9040534148279821,32.224808768540704,0.9158677228891029
BSD100,126007,int8,30.63437179622519,0.8956714409281367,32.14091887856711,0.9118886291400671
BSD100,130026,bicubic,26.233827877299312,0.8090909644612995,27.495070286449817,0.8231907516793269
BSD100,130026,fp32,27.217556008186477,0.8574262310911361,28.50953882908344,0.8686737205409581
BSD100,130026,int8,27.153244939049024,0.8527731931578648,28.466251887829248,0.8660818919584008
BSD100,134035,bicubic,26.705931948043933,0.8774374994378239,28.033109416162475,0.8842453249742627
BSD100,134035,fp32,28.59368036808707,0.9150160029442725,29.953942621498317,0.9208299389851741
BSD100,134035,int8,28.495944777161036,0.9113590671734575,29.891387539007273,0.9189469631821792
BSD100,14037,bicubic,34.64101577680461,0.9226217196605798,36.16734412113213,0.9345608860957045
BSD100,14037,fp32,35.574126132253156,0.9375535320483688,37.13806774139246,0.947788974711102
BSD100,14037,int8,35.28529789562015,0.9280269103840247,36.99356598235964,0.9436802039429262
BSD100,143090,bicubic,33.34243260762087,0.9335326263599683,35.15461910962783,0.9396791070129312
BSD100,143090,fp32,34.21810649280601,0.9458573320690008,36.045264525583306,0.9518917251368667
BSD100,143090,int8,33.954796950933684,0.9358034654061619,35.91929160667428,0.9472659220248106
BSD100,145086,bicubic,25.85237770989462,0.7965612211387508,27.160600768082933,0.8145812035881457
BSD100,145086,fp32,26.62227299316094,0.8333318157048097,27.967503387544745,0.8488429254785499
BSD100,145086,int8,26.552127755957784,0.8262350708440936,27.91839272093362,0.8460170327756018
BSD100,147091,bicubic,26.4834106687082,0.8542673940445004,27.738325352582667,0.869388483407529
BSD100,147091,fp32,27.38225056588714,0.8813038124932874,28.669739813719353,0.8946448377508072
BSD100,147091,int8,27.275963812410392,0.8722794382266447,28.596132686753638,0.8903798865381323
BSD100,148026,bicubic,23.166629521336525,0.7991061813924712,24.479236683459405,0.8151546370696985
BSD100,148026,fp32,24.291201654163117,0.849028611582547,25.641890377062712,0.8622389524360011
BSD100,148026,int8,24.232955009004485,0.8441416646278007,25.59478960384994,0.8596135116894952
BSD100,148089,bicubic,24.90748773018868,0.7729630655472896,26.215570144323237,0.7895607498705038
BSD100,148089,fp32,26.013801008112345,0.8286890142932699,27.35663284272736,0.8420558449719185
BSD100,148089,int8,25.964148195335998,0.8252922845723667,27.322517064568604,0.8401655356577246
BSD100,156065,bicubic,25.398379313256036,0.6982105972717448,26.666106489037592,0.7181690885883643
BSD100,156065,fp32,25.98182892503872,0.7536046919906528,27.26272595000625,0.7699094696936712
BSD100,156065,int8,25.945614433766938,0.749945354918844,27.243104266661014,0.7678629638944771
BSD100,157055,bicubic,27.345931847121673,0.8788532442654277,28.67455736669089,0.886672457401181
BSD100,157055,fp32,28.294675211646414,0.9065122844056165,29.6504743073563,0.9134398187763593
BSD100,157055,int8,28.19613436290146,0.8995761022535814,29.588623352709035,0.910631096161825
BSD100,159008,bicubic,28.9261492022261,0.9011383488229555,30.371940154149137,0.9135367229228937
BSD100,159008,fp32,30.354897290182528,0.9283988641317923,31.89037734923265,0.9379336353358629
BSD100,159008,int8,30.234805547365106,0.9232151266813338,31.811235549938047,0.9356274343937312
BSD100,160068,bicubic,28.694325098197496,0.9037024786618604,29.93725995203581,0.9107649045283316
BSD100,160068,fp32,29.854085479523107,0.927168767745147,31.133237782548782,0.9332280833400399
BSD100,160068,int8,29.75688065636593,0.9182564825589722,31.074532781183848,0.9295658541536101
BSD100,16077,bicubic,28.912010416247004,0.8380159710179074,30.248018794811017,0.8539682253857684
BSD100,16077,fp32,29.946034650232587,0.8738657682626201,31.31684540859215,0.8870404433025975
BSD100,16077,int8,29.844211914685985,0.868949547330366,31.255903021842705,0.8845889295615641
BSD100,163085,bicubic,31.263179805830482,0.8889979056656335,32.55403560735719,0.8960569037761864
BSD100,163085,fp32,32.45138762569865,0.9168355041968148,33.75035134927102,0.9225928874441721
BSD100,163085,int8,32.30783192795258,0.909409680251656,33.671708217764575,0.9195025764259961
BSD100,167062,bicubic,31.06330231770869,0.9159137982416449,32.32302740842333,0.926493437172855
BSD100,167062,fp32,32.420143054309435,0.9311133083200908,33.75025957703321,0.941035584455135
BSD100,167062,int8,32.11897855455446,0.9185795090002503,33.547582605952435,0.9361851557689221
BSD100,167083,bicubic,20.57927849653733,0.6716005180762199,21.847907781429253,0.6789393235705982
BSD100,167083,fp32,21.31228253356049,0.7425140869344798,22.59583064499981,0.7495766740973222
BSD100,167083,int8,21.275797754227952,0.7388154795875299,22.566633554642408,0.746941856202535
BSD100,170057,bicubic,31.19746664873383,0.9056409690330239,32.7636114402682,0.9174388268015831
BSD100,170057,fp32,32.206921153651436,0.9285419144204646,33.8397181666045,0.9379941273897974
BSD100,170057,int8,32.05430416169169,0.9216943182635736,33.751421348612894,0.9352492171927467
BSD100,175032,bicubic,21.857198613252457,0.6440292026081675,23.13678881616211,0.6594546589708916
BSD100,175032,fp32,22.632114110270205,0.7299175228200667,23.92937492412819,0.7428426696104232
BSD100,175032,int8,22.611326537587715,0.7277673183192999,23.91686350296017,0.7412432733404447
BSD100,175043,bicubic,27.014094977935326,0.8329130556474263,28.323817581373703,0.8435137540453108
BSD100,175043,fp32,28.249142684540796,0.8830089826986143,29.592385266620735,0.8910051563418161
BSD100,175043,int8,28.185113709198056,0.8806551474616485,29.555444160490435,0.8896836991133722
BSD100,182053,bicubic,24.986642782217455,0.8343213977158724,26.26664740906599,0.8451682860010012
BSD100,182053,fp32,25.806241250086835,0.8690929264232731,27.106641506735976,0.878533991271721
BSD100,182053,int8,25.760564754727532,0.8607245179070783,27.079393317696237,0.8749389165127766
BSD100,189080,bicubic,34.34743311280104,0.9174725096957422,35.61559845764577,0.9317903476130185
BSD100,189080,fp32,35.62838089341567,0.9310807223193303,36.959885945415365,0.9433272893415823
BSD100,189080,int8,35.23868709054533,0.9195911041067255,36.740081809501504,0.9395476863098186
BSD100,19021,bicubic,27.96971017330361,0.8376042823886389,29.287131580200608,0.8520904004794715
BSD100,19021,fp32,29.068213438086627,0.8747745157801337,30.42351586369968,0.8865524978295258
BSD100,19021,int8,28.971041064129295,0.8696262621693648,30.35742217047062,0.8838738322527482
BSD100,196073,bicubic,28.099303314643826,0.6265653947223854,29.391120918337784,0.6600868995831455
BSD100,196073,fp32,28.613541958520745,0.6936583228498571,29.914708386291743,0.7201804059646938
BSD100,196073,int8,28.54461487613266,0.6889678613534359,29.881425297304194,0.7180880996118794
BSD100,197017,bicubic,28.43087724815742,0.7972844005211931,29.76355853554343,0.8146337130751362
BSD100,197017,fp32,29.150472508311715,0.8344844276232054,30.508362835784915,0.8488863021521488
BSD100,197017,int8,29.059432921942687,0.826450438353801,30.4589076462319,0.8457968034704176
BSD100,208001,bicubic,29.87164176863219,0.8589771324310531,31.19766525819979,0.8795093405760845
BSD100,208001,fp32,31.07946997390556,0.8976549748935229,32.475667226772536,0.9133597233559025
BSD100,208001,int8,30.96646318439141,0.8924216712065235,32.40751409541743,0.9108448074739599
BSD100,210088,bicubic,33.706593221046454,0.9577378889777473,35.07658775242864,0.9637668415144651
BSD100,210088,fp32,35.58552528917892,0.9670518063785923,37.04760868373745,0.9725187691058202
BSD100,210088,int8,35.213982345961334,0.9588904263407634,36.826111529418085,0.9690747943880437
BSD100,21077,bicubic,27.28178448500834,0.8133457088242256,28.584110811633185,0.8338841432141848
BSD100,21077,fp32,28.23934434925708,0.8451514950280855,29.573264343438368,0.8627117858643434
BSD100,21077,int8,28.12278072272842,0.8387177821793151,29.4988419391009,0.8596466664979178
BSD100,216081,bicubic,26.1203560592101,0.7907199833349766,27.328598453083522,0.810988621637686
BSD100,216081,fp32,26.897158367093375,0.830315648760405,28.140183435520033,0.8473366825975399
BSD100,216081,int8,26.839628145432307,0.8244219800997256,28.101966117673733,0.8444415998463267
BSD100,219090,bicubic,27.25057515244626,0.8213283912643258,28.522048117714938,0.8388404016320283
BSD100,219090,fp32,28.04738856582501,0.8496315215491275,29.341548380070236,0.8646098371153486
BSD100,219090,int8,27.976660706234785,0.8415967880540881,29.30133478151115,0.8611911062042733
BSD100,220075,bicubic,28.462779994132866,0.9227391284677421,29.721249445173072,0.9314536585976225
BSD100,220075,fp32,29.633144742035068,0.9411613949440266,30.940912854523464,0.9483130498494217
BSD100,220075,int8,29.52362214049736,0.9346563755560386,30.86506611315835,0.9452997281068536
BSD100,223061,bicubic,25.20981279161873,0.7806989232344689,26.506941860317124,0.7909185476533465
BSD100,223061,fp32,25.958809215289204,0.8286544773521473,27.266856256237524,0.8372375016666795
BSD100,223061,int8,25.914709123551024,0.8216383218966468,27.24500790623476,0.8344248149586652
BSD100,227092,bicubic,34.82465718522137,0.9031034777356902,36.10521503901266,0.9128174215594859
BSD100,227092,fp32,35.64377153663816,0.9191382504554994,36.937719401115615,0.9277131990136573
BSD100,227092,int8,35.31557328545856,0.9081487906249738,36.786079945034366,0.9233683688286323
BSD100,229036,bicubic,23.946596644785192,0.7696480870386928,25.21560715788791,0.7832307170336485
BSD100,229036,fp32,25.001377675640892,0.824001593977289,26.298063596265923,0.8352642319218259
BSD100,229036,int8,24.921605780774026,0.8199931295960877,26.234249683015776,0.832943104758189
BSD100,236037,bicubic,26.277019688481438,0.7977516070352437,27.574162652671856,0.8056275378109553
BSD100,236037,fp32,27.20603702624281,0.8482292545799401,28.518296836355095,0.854533622039477
BSD100,236037,int8,27.15345474569141,0.8451955109152341,28.48975304283936,0.8528488383049124
BSD100,24077,bicubic,27.49950933241597,0.9208301731335921,28.861107809028642,0.9265475982997472
BSD100,24077,fp32,29.06875531695814,0.939820467065947,30.517585269432004,0.9455317094070257
BSD100,24077,int8,28.885247918576823,0.9328586803055927,30.371386829217354,0.9423138395777156
BSD100,241004,bicubic,32.70932994886884,0.8855111464246518,34.08036690807427,0.90113872648347
BSD100,241004,fp32,33.55921096129141,0.9073921065495925,34.95361690462375,0.9202291916835904
BSD100,241004,int8,33.294273584050046,0.8975836199901593,34.82112277193658,0.9162986902064137
BSD100,241048,bicubic,25.717941668582256,0.7528292310737532,27.008866165461587,0.7670412905471244
BSD100,241048,fp32,26.438267774235392,0.8028387054083689,27.745053196725426,0.8148426210520998
BSD100,241048,int8,26.375954259847934,0.7983321633606287,27.714350080261006,0.8126686114741767
BSD100,253027,bicubic,23.953269163069493,0.8172868990520744,25.199946731900162,0.8290263174251319
BSD100,253027,fp32,25.24280260583424,0.8622379724873506,26.525733959524075,0.8719955701890243
BSD100,253027,int8,25.131645408452993,0.8559090454710753,26.430515660895896,0.8686573634247895
BSD100,253055,bicubic,32.841767105003186,0.8852083280844719,34.14357894696083,0.9019612552020747
BSD100,253055,fp32,33.55699778007005,0.9054599879135088,34.88880697641634,0.9196096114333466
BSD100,253055,int8,33.2396669437623,0.893440730236365,34.74290890837188,0.9154625873147257
BSD100,260058,bicubic,33.363703160050555,0.8595927649489014,34.78526907164346,0.8791065980544057
BSD100,260058,fp32,34.06931134158434,0.8857341650103008,35.51522177791717,0.9017508848347057
BSD100,260058,int8,33.78547910138201,0.8754731625892141,35.36281142678141,0.898216429235344
BSD100,271035,bicubic,28.72304468972822,0.8621656847920303,30.04049671377015,0.8760845172328037
BSD100,271035,fp32,29.983304915938707,0.8955434223176223,31.340388054056913,0.9066798490819682
BSD100,271035,int8,29.86209808184588,0.8894957600080678,31.266416953179075,0.904285227997413
BSD100,285079,bicubic,26.259908608652683,0.8066675438361924,27.563692110418394,0.8221022374223557
BSD100,285079,fp32,27.344725127691156,0.8515866134468008,28.684864049362055,0.8638712235971369
BSD100,285079,int8,27.2599896674034,0.8475089548553205,28.62030057839719,0.8614357986982685
BSD100,291000,bicubic,21.847666161305913,0.6157877986670441,23.199152433771054,0.6298559851586872
BSD100,291000,fp32,22.46988477903496,0.6970237960064095,23.840324866954738,0.7099277725585276
BSD100,291000,int8,22.442243156879126,0.694438017658285,23.82102042704468,0.7080846621602038
BSD100,295087,bicubic,28.135807474152973,0.8121505740521199,29.40176838217664,0.8251139471713511
BSD100,295087,fp32,28.876959887848543,0.8505545286185493,30.1712335422417,0.8618569349542787
BSD100,295087,int8,28.801809715153517,0.8434918508366108,30.131466224666347,0.8584689531961629
BSD100,296007,bicubic,32.71376093909054,0.8567594244264143,34.1812980910857,0.8759670297142215
BSD100,296007,fp32,33.377080318456215,0.8842471230919516,34.87056909552746,0.9001442202474097
BSD100,296007,int8,33.16756993925352,0.8746285463214888,34.77199909054478,0.8962501571753149
BSD100,296059,bicubic,30.90807765250649,0.8339156172506571,32.27574353457054,0.8535388329275382
BSD100,296059,fp32,31.644752050240452,0.8629864048701205,33.03567729679865,0.8793222350133244
BSD100,296059,int8,31.512787429306396,0.8547623317146673,32.96909006658599,0.8758417908964542
BSD100,299086,bicubic,32.30585818056825,0.8583572224318168,33.59905351577439,0.8759180429308124
BSD100,299086,fp32,32.98973924219207,0.8827154866409286,34.301806844223606,0.8974654041648386
BSD100,299086,int8,32.812254188011266,0.8732634239128275,34.2082307903386,0.8934776309758992
BSD100,300091,bicubic,29.490476712073637,0.8539083950714028,30.77079476621524,0.8689714700334252
BSD100,300091,fp32,30.439152246150197,0.8811323454508145,31.74634768246763,0.8939314178830254
BSD100,300091,int8,30.309450606516425,0.8735044983224287,31.664378516494722,0.8902232525048347
BSD100,302008,bicubic,33.20000494934493,0.9617870354930559,34.505949910684386,0.966262165983041
BSD100,302008,fp32,35.56732092407256,0.9703811601215305,36.96462219597154,0.9746669699926974
BSD100,302008,int8,35.249666074967216,0.9614166820267555,36.787206201395364,0.971162943941316
BSD100,304034,bicubic,25.666624005271505,0.8281761155520168,26.97613150724257,0.839905378981393
BSD100,304034,fp32,26.604623402476307,0.8752642706349524,27.951668897176457,0.884227971059438
BSD100,304034,int8,26.549274639151896,0.8723350401886657,27.9133639810129,0.8825001893785714
BSD100,304074,bicubic,26.800851181280084,0.7559893917324315,28.10366438848191,0.7750071841501053
BSD100,304074,fp32,27.696787478432185,0.8088543525910495,29.02482932405914,0.8241228785079242
BSD100,304074,int8,27.62526503231188,0.8052766644511867,28.978929653952463,0.822025395124236
BSD100,306005,bicubic,29.490453639766272,0.8781361092403075,30.787113193006242,0.8873137637387594
BSD100,306005,fp32,30.68165328574321,0.907811262477274,32.027388545225136,0.9156566773732568
BSD100,306005,int8,30.54941743251291,0.9007785853108663,31.94852951056412,0.9125607887714335
BSD100,3096,bicubic,38.31965694556291,0.9797003719160561,39.62366199911439,0.9837481121742753
BSD100,3096,fp32,39.78927166346371,0.9817000991844429,41.15192989166367,0.9859480873535837
BSD100,3096,int8,38.92126024153513,0.9659998445000867,40.73877241797838,0.9801691466223253
BSD100,33039,bicubic,22.37596988816182,0.762370253850726,23.675875793028737,0.7717550102368811
BSD100,33039,fp32,23.370744093721836,0.8223678687555998,24.698799238173947,0.8301116809878017
BSD100,33039,int8,23.325456475737425,0.8201953646858735,24.661528162996717,0.8283956392229648
BSD100,351093,bicubic,23.33838513976129,0.7687870098547657,24.674224007394116,0.7814649661090585
BSD100,351093,fp32,24.11716982290441,0.8201428063707001,25.477564384066334,0.8311112308942888
BSD100,351093,int8,24.036744106526196,0.8123822920698028,25.430807165419772,0.8280872124723268
BSD100,361010,bicubic,29.567958821439163,0.8842620030267555,30.878337477555956,0.9016738968213982
BSD100,361010,fp32,31.049120854590026,0.9128368804149777,32.43852708439907,0.926591573526464
BSD100,361010,int8,30.88398561350893,0.9064427244616935,32.31710920543572,0.9235847380668558
BSD100,37073,bicubic,30.035771986751865,0.8345884132226754,31.307743995425717,0.8586413153818331
BSD100,37073,fp32,30.981101330763895,0.8595205640130542,32.28772833654269,0.8805227025578294
BSD100,37073,int8,30.871002624912627,0.8514677474781656,32.22575774821061,0.8771010736254837
BSD100,376043,bicubic,26.725911951055853,0.779653177486376,28.053720006853922,0.7880032007851352
BSD100,376043,fp32,27.749144044200627,0.8389114515011981,29.100821076388552,0.8454126417061015
BSD100,376043,int8,27.686353265769963,0.835740591370136,29.066366084640002,0.8437341811044176
BSD100,38082,bicubic,28.41718126781909,0.7627241287456195,29.725940759706994,0.7795546905714166
BSD100,38082,fp32,29.237955625136586,0.8174564467355347,30.570056200667427,0.8306549179458615
BSD100,38082,int8,29.168695698636316,0.8141734794932937,30.534757068628664,0.8286551019543954
BSD100,38092,bicubic,26.973030587705786,0.8029645929476866,28.354067498352002,0.8184213928994198
BSD100,38092,fp32,27.723321841178738,0.8438360181264892,29.135633160240218,0.8567468641860034
BSD100,38092,int8,27.654171036796132,0.836413656609674,29.097755297558,0.8538997033989936
BSD100,385039,bicubic,24.625610647531524,0.7858711559565933,25.92454437720462,0.8018434735772478
BSD100,385039,fp32,25.58324783336838,0.828051704742291,26.903189491635825,0.8416792692780731
BSD100,385039,int8,25.515890590193315,0.8223804792572601,26.8530165445627,0.8387393976616005
BSD100,41033,bicubic,31.208777493006043,0.864856538812315,32.80251655333872,0.8821943390967406
BSD100,41033,fp32,32.09066347056095,0.8947883109173591,33.752896987963645,0.9084742283515269
BSD100,41033,int8,31.94756466467758,0.8880555525197015,33.666883668956544,0.9055045036716979
BSD100,41069,bicubic,24.63945616133671,0.6937615253212414,25.985580443040902,0.7098644861060922
BSD100,41069,fp32,25.47918597415424,0.7740470906157113,26.84712977513614,0.7863881729926668
BSD100,41069,int8,25.4321157889791,0.7707470917114444,26.818427890574927,0.7844581023769897
BSD100,42012,bicubic,30.937735538563132,0.8907985327881077,32.27340749359999,0.9019420454130398
BSD100,42012,fp32,31.90630939327809,0.9154590185597873,33.26501988414974,0.9246758590781978
BSD100,42012,int8,31.77172378370656,0.9092659030849609,33.19713493019709,0.9219940628352494
BSD100,42049,bicubic,30.33945883185242,0.9472760908782613,31.623165660581304,0.9534616028229319
BSD100,42049,fp32,31.680827559490965,0.9525633609390777,33.00684641622131,0.9588761180403579
BSD100,42049,int8,31.49799604188717,0.9371074014625193,32.920690969908804,0.9540506234144805
BSD100,43074,bicubic,30.956123575758156,0.8917533846806237,32.179242871291386,0.9026365297437303
BSD100,43074,fp32,31.73234365133294,0.9166170060687294,32.97594998305754,0.9254501798490077
BSD100,43074,int8,31.613135636049172,0.9079516706548976,32.91097295924494,0.9216274426626245
BSD100,45096,bicubic,36.3566806052556,0.9503310825119108,37.64426377148787,0.960203139505297
BSD100,45096,fp32,37.49415346530734,0.9585706149327705,38.8443441990314,0.9673905108782715
BSD100,45096,int8,37.05423458997604,0.9474267461847333,38.60006498003233,0.9628093346875629
BSD100,54082,bicubic,28.763545686796093,0.7894892077311075,30.135267150940717,0.8057934340925078
BSD100,54082,fp32,29.365718526638606,0.8262224698382182,30.751894390487315,0.840390932767141
BSD100,54082,int8,29.28892946638684,0.8188405913849878,30.711627407061837,0.8370728447874024
BSD100,55073,bicubic,23.058546892277295,0.6930162388682195,24.3309827412029,0.7168752688773201
BSD100,55073,fp32,23.902343604505457,0.7642074608545935,25.19943521937201,0.7832721921617001
BSD100,55073,int8,23.858268697803947,0.7610486303934408,25.164020213423782,0.7811271208129088
BSD100,58060,bicubic,22.009310906381852,0.7340670604403993,23.233259808028134,0.7490973786542761
BSD100,58060,fp32,22.864187489657294,0.7930767208175502,24.114751415336613,0.8060372018188877
BSD100,58060,int8,22.822570891399966,0.7873781994026842,24.08120447928995,0.8027702445497195
BSD100,62096,bicubic,25.43458675242398,0.8422610596805815,26.841892058551476,0.8521378468886472
BSD100,62096,fp32,26.406461649688282,0.8745922528413906,27.88396808017419,0.8838625292988136
BSD100,62096,int8,26.314054288630786,0.8669677665450961,27.80184139610263,0.8799696354467801
BSD100,65033,bicubic,25.91535265475139,0.7468686965358464,27.191345397637203,0.774962915498978
BSD100,65033,fp32,26.76091861393391,0.8061028475435122,28.081147883042906,0.828549250786591
BSD100,65033,int8,26.708775226663498,0.8028697868420664,28.0462246447228,0.8266748886871845
BSD100,66053,bicubic,28.25919256026685,0.8136573642650214,29.547062304764644,0.8294553894710579
BSD100,66053,fp32,29.06080386482184,0.8570406513559252,30.375064093257723,0.8694113267684298
BSD100,66053,int8,28.990126419823213,0.8524275270617915,30.333669722895333,0.8670589489531377
BSD100,69015,bicubic,32.09894601039654,0.8985779292151316,33.40670441184538,0.9071081267730743
BSD100,69015,fp32,33.43427480978821,0.9275977780795864,34.781578045871335,0.9342084435426832
BSD100,69015,int8,33.25886115616258,0.9216606165441523,34.690967843696164,0.9317265672834876
BSD100,69020,bicubic,27.87954582055739,0.7134575277640972,29.21938949539269,0.7284159443752479
BSD100,69020,fp32,28.56734574066944,0.7730467073482133,29.919599085060938,0.7849978969499437
BSD100,69020,int8,28.505425010699504,0.7699222250036547,29.88758067061676,0.7831899334889736
BSD100,69040,bicubic,27.01306146146063,0.8257345217947799,28.337556107240193,0.8354111058141831
BSD100,69040,fp32,28.20205694278682,0.875102469027418,29.555889613714818,0.8827939011974554
BSD100,69040,int8,28.140121806819547,0.8717271783298548,29.520781105224764,0.8809227300920179
BSD100,76053,bicubic,30.413836554230848,0.8199730218623177,31.68637747261553,0.84604143146358
BSD100,76053,fp32,31.276069133643514,0.8584308417547764,32.59228730885796,0.8793214884321885
BSD100,76053,int8,31.15529804460149,0.8528637038302637,32.5279981591578,0.8768630091926679
BSD100,78004,bicubic,26.321299396494528,0.8067717523077382,27.616640042417707,0.8226961633509909
BSD100,78004,fp32,27.026719659123785,0.8369584192170704,28.344207860971487,0.850620369674917
BSD100,78004,int8,26.967889454031774,0.8299438029784416,28.310327742636257,0.8477214198349422
BSD100,8023,bicubic,33.21516932107642,0.9473285883824033,34.52775754574867,0.9520498049295067
BSD100,8023,fp32,34.90488946261655,0.9638209112125592,36.290036903168904,0.9676513130064656
BSD100,8023,int8,34.585299320628124,0.9569836358641778,36.09766244782077,0.9646517672080821
BSD100,85048,bicubic,27.238805511814714,0.8465435363851651,28.596217988329418,0.8571096371612984
BSD100,85048,fp32,28.45618556934209,0.88747710243972,29.86270019041926,0.8962150656636655
BSD100,85048,int8,28.358844974593925,0.8835033588710469,29.796798076095676,0.8941732337929924
BSD100,86000,bicubic,26.593076753489242,0.8610075691598911,27.88582214347338,0.8720932300815076
BSD100,86000,fp32,27.621550814609872,0.8909119051390936,28.95945428732899,0.9008693238283334
BSD100,86000,int8,27.547089443290375,0.8844065935858855,28.910296315238146,0.8976528997390484
BSD100,86016,bicubic,22.06426399190017,0.5096502879960316,23.384927380598445,0.5269618374568806
BSD100,86016,fp32,22.5184249710405,0.6029077035491727,23.846386731250888,0.6172922901225062
BSD100,86016,int8,22.499438419747392,0.6010787672564983,23.838343293682343,0.6159792434625255
BSD100,86068,bicubic,27.600917207626175,0.6939996587897183,28.93302102287918,0.7191379076271521
BSD100,86068,fp32,28.259513116209632,0.7555053863827591,29.614204185728465,0.7757196442827263
BSD100,86068,int8,28.194412241797494,0.7515975334502906,29.581727913736586,0.773539549410291
BSD100,87046,bicubic,27.540225770388794,0.876683806198646,28.843317094963183,0.8840632709840304
BSD100,87046,fp32,28.5689542689194,0.9085453893035296,29.910489115820834,0.9145075529810448
BSD100,87046,int8,28.481063441035094,0.9036658022283964,29.85667706837795,0.9122237557145959
BSD100,89072,bicubic,27.590863012388716,0.8227060488757026,28.880369796726377,0.8380885999433688
BSD100,89072,fp32,28.554277602686575,0.8604309049589935,29.866640854550347,0.8728857025708952
BSD100,89072,int8,28.483714894840585,0.8551956985714071,29.829595521990584,0.8704164067609039
BSD100,97033,bicubic,25.839557606704908,0.8218334008224165,27.129841891038325,0.8338009095729093
BSD100,97033,fp32,27.00711901696824,0.8625409846329144,28.32811699499316,0.8729026694556705
BSD100,97033,int8,26.922042274398926,0.8570831632957464,28.27350171776565,0.8702337961697976
